step,epoch,epoch_step,loss,learn_rate
500,499,0,0.0859789,0.004
1000,999,0,0.0748211,0.004
1500,1499,0,0.1105229,0.004
2000,1999,0,0.1656954,0.004
2500,2499,0,0.1236384,0.004
3000,2999,0,0.1117844,0.004
3500,3499,0,0.0817217,0.004
